Array Size,Insert Time (seconds),Delete Time (seconds),Search Time (seconds)
100,4.526e-06,5.642e-06,2.566e-06
1000,3.7923e-05,1.7034e-05,3.3458e-05
10000,0.000512232,0.000188324,0.000459262
100000,0.0103299,0.00272551,0.00900231
1000000,0.314426,0.0689139,0.301818
