Array Size,Insert Time (seconds),Delete Time (seconds),Search Time (seconds)
100,2.2052e-05,5.877e-06,2.286e-06
1000,0.000171868,1.8044e-05,3.4244e-05
10000,0.00136833,0.000269686,0.000696993
100000,0.0131187,0.00284347,0.00783027
1000000,0.153811,0.0393241,0.138943
