Array Size,Insert Time (seconds),Delete Time (seconds),Search Time (seconds)
100,3.82e-06,5.714e-06,2.121e-06
1000,2.8615e-05,1.4064e-05,2.7568e-05
10000,0.000411031,0.000151432,0.000392213
100000,0.0156347,0.0031356,0.0186147
1000000,8.36666,1.46397,13.3302
