Array Size,Insert Time (seconds),Delete Time (seconds),Search Time (seconds)
100,3.046e-06,5.788e-06,2.161e-06
1000,4.0129e-05,1.6179e-05,3.7368e-05
10000,0.000767437,0.000190254,0.000743752
100000,0.100902,0.0130919,0.111881
1000000,6.02062,1.05199,10.1493
